Coverage Type,Nav2 Package,Percent Covered
Line Coverage,nav2_behavior_tree,0.643081761006289
Line Coverage,nav2_behavior_tree,0.643081761006289
Line Coverage,nav2_behavior_tree,0.643605870020964
Line Coverage,nav2_behavior_tree,0.643605870020964
Line Coverage,nav2_behavior_tree,0.644654088050314
Line Coverage,nav2_behavior_tree,0.643081761006289
Line Coverage,nav2_behavior_tree,0.644654088050314
Line Coverage,nav2_behavior_tree,0.643081761006289
Line Coverage,nav2_behavior_tree,0.643081761006289
Line Coverage,nav2_behavior_tree,0.644654088050314
Function Coverage,nav2_behavior_tree,0.615384615384615
Function Coverage,nav2_behavior_tree,0.615384615384615
Function Coverage,nav2_behavior_tree,0.615384615384615
Function Coverage,nav2_behavior_tree,0.615384615384615
Function Coverage,nav2_behavior_tree,0.615384615384615
Function Coverage,nav2_behavior_tree,0.615384615384615
Function Coverage,nav2_behavior_tree,0.615384615384615
Function Coverage,nav2_behavior_tree,0.615384615384615
Function Coverage,nav2_behavior_tree,0.615384615384615
Function Coverage,nav2_behavior_tree,0.615384615384615
Branch Coverage,nav2_behavior_tree,0.527263875365141
Branch Coverage,nav2_behavior_tree,0.527263875365141
Branch Coverage,nav2_behavior_tree,0.52921129503408
Branch Coverage,nav2_behavior_tree,0.528724440116845
Branch Coverage,nav2_behavior_tree,0.529698149951315
Branch Coverage,nav2_behavior_tree,0.527263875365141
Branch Coverage,nav2_behavior_tree,0.530671859785784
Branch Coverage,nav2_behavior_tree,0.527750730282376
Branch Coverage,nav2_behavior_tree,0.527263875365141
Branch Coverage,nav2_behavior_tree,0.530185004868549
Line Coverage,nav2_bt_navigator,0.943521594684385
Line Coverage,nav2_bt_navigator,0.943521594684385
Line Coverage,nav2_bt_navigator,0.943521594684385
Line Coverage,nav2_bt_navigator,0.943521594684385
Line Coverage,nav2_bt_navigator,0.943521594684385
Line Coverage,nav2_bt_navigator,0.943521594684385
Line Coverage,nav2_bt_navigator,0.943521594684385
Line Coverage,nav2_bt_navigator,0.943521594684385
Line Coverage,nav2_bt_navigator,0.943521594684385
Line Coverage,nav2_bt_navigator,0.943521594684385
Function Coverage,nav2_bt_navigator,0.970588235294118
Function Coverage,nav2_bt_navigator,0.970588235294118
Function Coverage,nav2_bt_navigator,0.970588235294118
Function Coverage,nav2_bt_navigator,0.970588235294118
Function Coverage,nav2_bt_navigator,0.970588235294118
Function Coverage,nav2_bt_navigator,0.970588235294118
Function Coverage,nav2_bt_navigator,0.970588235294118
Function Coverage,nav2_bt_navigator,0.970588235294118
Function Coverage,nav2_bt_navigator,0.970588235294118
Function Coverage,nav2_bt_navigator,0.970588235294118
Branch Coverage,nav2_bt_navigator,0.397579143389199
Branch Coverage,nav2_bt_navigator,0.397579143389199
Branch Coverage,nav2_bt_navigator,0.397579143389199
Branch Coverage,nav2_bt_navigator,0.397579143389199
Branch Coverage,nav2_bt_navigator,0.397579143389199
Branch Coverage,nav2_bt_navigator,0.397579143389199
Branch Coverage,nav2_bt_navigator,0.397579143389199
Branch Coverage,nav2_bt_navigator,0.397579143389199
Branch Coverage,nav2_bt_navigator,0.397579143389199
Branch Coverage,nav2_bt_navigator,0.397579143389199
